Building_881:Marker1,Building_881:Marker1,Building_881:Marker1,Building_881:Marker2,Building_881:Marker2,Building_881:Marker2,Building_881:Marker3,Building_881:Marker3,Building_881:Marker3,Building_881:Marker4,Building_881:Marker4,Building_881:Marker4,Building_881:Marker5,Building_881:Marker5,Building_881:Marker5
18.374197,9.183077,1215.392456,22.724464,373.060699,1217.889648,911.043579,363.700134,1216.820679,812.426208,3.587482,1217.322754,423.171692,367.971558,1217.628418
